Timestamp,V_Meas(Avg),V_Pred(EKF),SoC_CC(%),SoC_EKF(%),dt
14:27:15,2.56,2.686055,0.006677814,0,1
14:27:35,2.67,2.682465,0.013355628,0,1
14:27:58,2.75,2.682514,0.020033443,0.648093829,1
14:28:00,2.75,2.71996,0.026711257,0.929440279,1
14:28:20,2.8,2.736674,0.033389073,1.506555267,1
14:28:35,2.83,2.770882,0.040066888,2.042049915,1
14:28:36,2.83,2.802785,0.046744704,2.291522734,1
14:29:27,2.91,2.817789,0.05342252,3.119081073,1
14:29:28,2.91,2.867083,0.060100335,3.510138392,1
14:29:29,2.91,2.89027,0.066778151,3.694546595,1
14:29:30,2.91,2.901178,0.073455967,3.780885786,1
14:30:10,2.96,2.906311,0.080133782,4.272018746,1
14:31:16,3.02,2.935117,0.086811598,5.049821734,1
14:31:17,3.02,2.980334,0.093489414,5.424279347,1
14:31:18,3.02,3.001607,0.100167224,5.604446307,1
14:31:19,3.02,3.011623,0.106845039,5.690905452,1
14:31:20,3.02,3.016342,0.113522855,5.732526258,1
14:31:21,3.02,3.018567,0.120200671,5.752877146,1
14:31:42,3.04,3.019615,0.126878486,5.953125283,1
14:31:43,3.04,3.030659,0.133556302,6.04862608,1
14:31:44,3.04,3.035861,0.140234118,6.094652787,1
14:32:26,3.07,3.038314,0.146911934,6.401797384,1
14:32:27,3.07,3.055291,0.153589749,6.549096853,1
14:33:18,3.1,3.063287,0.160267565,6.908278167,1
14:33:19,3.1,3.082872,0.166945381,7.082028687,1
14:33:20,3.1,3.092097,0.173623196,7.166657597,1
14:33:21,3.1,3.096446,0.180301012,7.208536565,1
14:33:22,3.1,3.098498,0.186978828,7.230071723,1
14:33:23,3.1,3.099467,0.193656643,7.241997123,1
14:33:24,3.1,3.099926,0.200334447,7.249397784,1
14:33:25,3.1,3.100145,0.207012263,7.254672796,1
14:35:01,3.15,3.10025,0.213690079,7.739449292,1
14:35:02,3.15,3.126662,0.220367895,7.975200564,1
14:35:03,3.15,3.139091,0.22704571,8.09110105,1
14:35:04,3.15,3.144947,0.233723526,8.148922026,1
14:36:16,3.18,3.14771,0.240401342,8.483260125,1
14:36:17,3.18,3.164821,0.247079157,8.647354692,1
14:36:18,3.18,3.172885,0.253756973,8.729096502,1
14:36:19,3.18,3.176691,0.260434789,8.770900965,1
14:36:20,3.18,3.17849,0.267112604,8.793591708,1
14:36:21,3.18,3.179343,0.27379042,8.807194978,1
14:36:22,3.18,3.179749,0.280468236,8.816487342,1
14:36:23,3.18,3.179946,0.287146051,8.823723346,1
14:36:24,3.18,3.180042,0.293823867,8.829971403,1
14:36:25,3.18,3.180092,0.300501683,8.835721,1
14:36:26,3.18,3.18012,0.307179498,8.841205,1
14:36:27,3.18,3.180138,0.313857314,8.846532553,1
14:36:50,3.19,3.18015,0.32053513,8.948724717,1
14:38:52,3.23,3.185431,0.327212946,9.386246651,1
14:38:53,3.23,3.20957,0.333890761,9.591263533,1
14:38:54,3.23,3.220781,0.340568577,9.686912596,1
14:38:55,3.23,3.225871,0.347246393,9.733019024,1
14:38:56,3.23,3.228185,0.353924208,9.756819904,1
14:38:58,3.23,3.22924,0.360602024,9.770575911,1
14:44:21,3.25,3.229724,0.36727984,9.963743389,1
14:44:21,3.25,3.236403,0.373957655,9.706974,1
14:44:22,3.25,3.240806,0.380635471,9.803234786,1
14:44:24,3.25,3.246553,0.387313287,9.822996706,1
14:44:25,3.25,3.248251,0.393991079,9.832079709,1
14:44:25,3.25,3.248951,0.400668895,9.839871526,1
14:44:27,3.25,3.249274,0.407346711,9.847236425,1
14:44:28,3.25,3.249428,0.414024526,9.854400158,1
14:53:22,3.27,3.249505,0.420702342,9.876265377,1
14:53:23,3.27,3.259924,0.427380158,9.870251268,1
14:53:24,3.27,3.264271,0.434057973,9.883680195,1
14:55:27,3.28,3.266536,0.440735789,9.886910021,1
14:55:28,3.28,3.272456,0.447413605,9.896245599,1
14:55:29,3.28,3.275161,0.45409142,9.90133509,1
14:55:30,3.28,3.276562,0.460769,9.90761891,1
14:59:08,3.29,3.277214,0.467447052,9.910724312,1
14:59:09,3.29,3.282509,0.474124867,9.918160737,1
14:59:11,3.29,3.285011,0.480802683,9.922166169,1
14:59:11,3.29,3.286288,0.487480499,9.927662462,1
14:59:12,3.29,3.286886,0.494158315,9.932596236,1
15:01:26,3.3,3.287184,0.50083613,9.930957854,1
15:01:27,3.3,3.29229,0.507513946,9.942229092,1
15:01:29,3.3,3.294646,0.514191762,9.940777719,1
15:04:28,3.31,3.295943,0.520869577,9.948260337,1
15:04:29,3.31,3.301361,0.527547393,9.94489938,1
15:04:30,3.31,3.304125,0.534225209,9.955355525,1
15:04:31,3.31,3.305375,0.540903024,9.954120964,1
15:04:32,3.31,3.306077,0.54758084,9.960093349,1
15:04:33,3.31,3.306374,0.554258656,9.962368,1
15:04:34,3.31,3.306539,0.560936471,9.966026992,1
15:04:35,3.31,3.306611,0.567614287,9.96895209,1
15:04:36,3.31,3.306646,0.574292103,9.971987456,1
15:04:37,3.31,3.30666,0.580969919,9.97479856,1
15:04:38,3.31,3.306664,0.587647734,9.977532923,1
15:04:39,3.31,3.306664,0.59432555,9.980136901,1
15:04:40,3.31,3.30666,0.601003366,9.984529018,1
15:04:41,3.31,3.306656,0.607681181,9.990473092,1
15:04:42,3.31,3.306654,0.614358997,9.997197241,1
15:04:43,3.31,3.306653,0.621036813,10.00430882,1
15:04:44,3.31,3.306653,0.627714628,10.01161709,1
15:04:45,3.31,3.306653,0.634392444,10.01902148,1
15:04:46,3.31,3.306654,0.64107026,10.02648771,1
15:04:47,3.31,3.306655,0.647748075,10.03398374,1
15:04:48,3.31,3.306655,0.654425891,10.0415,1
15:04:49,3.31,3.306656,0.661103707,10.04902199,1
15:04:50,3.31,3.306657,0.667781522,10.05656347,1
15:04:51,3.31,3.306658,0.674459,10.06411314,1
15:04:52,3.31,3.306659,0.681137154,10.07167026,1
15:04:53,3.31,3.30666,0.68781497,10.07923558,1
15:04:54,3.31,3.306661,0.694492785,10.0868091,1
15:04:55,3.31,3.306662,0.701170601,10.09439006,1
15:04:56,3.31,3.306662,0.707848417,10.10197923,1
15:04:57,3.31,3.306663,0.714526232,10.10957584,1
15:04:58,3.31,3.306664,0.721204048,10.11717394,1
15:04:59,3.31,3.306665,0.727881864,10.12478918,1
15:05:00,3.31,3.306666,0.734559679,10.13240442,1
15:05:01,3.31,3.306667,0.741237495,10.14003679,1
15:05:02,3.31,3.306668,0.747915311,10.14767438,1
15:05:03,3.31,3.306669,0.754593126,10.15531272,1
15:05:05,3.31,3.306669,0.761270942,10.16296819,1
15:05:10,3.31,3.30667,0.767948758,10.17062962,1
15:05:11,3.31,3.306671,0.774626574,10.17829776,1
15:05:16,3.31,3.306672,0.781304389,10.1859659,1
15:05:17,3.31,3.306673,0.787982158,10.19365266,1
15:05:22,3.31,3.306674,0.794659927,10.20134538,1
15:13:38,3.33,3.306675,0.801337697,10.21518931,1
15:13:39,3.33,3.316365,0.808015,10.22605598,1
15:13:40,3.33,3.321176,0.814693235,10.23549512,1
15:13:41,3.33,3.323566,0.821371004,10.24419814,1
15:13:42,3.33,3.324754,0.828048773,10.25253907,1
15:13:43,3.33,3.325344,0.834726542,10.26069224,1
15:13:44,3.33,3.325637,0.841404311,10.26877835,1
15:13:47,3.33,3.325783,0.84808208,10.27681455,1
